2024-02-01,木,N
2024-02-01,木,O
2024-02-02,金,D
2024-02-02,金,M
2024-02-05,月,A
2024-02-05,月,G
2024-02-06,火,C
2024-02-06,火,P
2024-02-07,水,J
2024-02-07,水,P
2024-02-08,木,E
2024-02-08,木,J
2024-02-09,金,D
2024-02-09,金,I
2024-02-13,火,J
2024-02-13,火,L
2024-02-14,水,I
2024-02-14,水,L
2024-02-15,木,C
2024-02-15,木,P
2024-02-16,金,B
2024-02-16,金,D
2024-02-19,月,B
2024-02-19,月,M
2024-02-20,火,A
2024-02-20,火,N
2024-02-21,水,C
2024-02-21,水,H
2024-02-22,木,K
2024-02-22,木,L
2024-02-26,月,A
2024-02-26,月,O
2024-02-27,火,A
2024-02-27,火,L
2024-02-28,水,C
2024-02-28,水,J
2024-02-29,木,G
2024-02-29,木,P
